"sample	Chr	pos	ref	alt	ALT	GENE"
"BL2AnsiLr1	chr1	12920891	G	T		PRAMEF2"
"BL2AnsiLr1	chr1	12920892	G	T		PRAMEF2"
"BL2AnsiLr1	chr1	196888703	A	G		N/A"
"BL2AnsiLr1	chr11	1247549	C	T		MUC5B"
"BL2AnsiLr1	chr11	18054715	A	G		TPH1"
"BL2AnsiLr1	chr11	41689262	G	A		N/A"
"BL2AnsiLr1	chr12	31256571	C	T		DDX11"
"BL2AnsiLr1	chr14	68246855	T	TA		ZFYVE26"
"BL2AnsiLr1	chr14	105418260	T	G	A	AHNAK2"
"BL2AnsiLr1	chr1	143491718	G	A		N/A"
"BL2AnsiLr1	chr4	189905	G	T		N/A"
"BL2AnsiLr1	chr15	45387752	C	T		DUOX2"
"BL2AnsiLr1	chr15	45431655	G	A		DUOX1"
"BL2AnsiLr1	chr15	102303150	G	GAGAAGACACTCGTGGAGGCGTCGGCAGAGCAGGCAGACCAAGGAGTTCATCTTCTCAGAGCTGCTGTCCAACCAGCACTCGCGTGGGAAGA		N/A"
"BL2AnsiLr1	chr16	74877693	A	G		N/A"
"BL2AnsiLr1	chr17	58180079	C	CGGCGGCGGCGGAGCTTGGCG		LOC653653"
"BL2AnsiLr1	chr17	79967575	GT	G		ASPSCR1"
"BL2AnsiLr1	chr17	38663	C	T		N/A"
"BL2AnsiLr1	chr18	99943	G	C		N/A"
"BL2AnsiLr1	chr18	100065	C	A		N/A"
"BL2AnsiLr1	chr19	371251	G	A		THEG"
"BL2AnsiLr1	chr1	144202388	C	T		NBPF20"
"BL2AnsiLr1	chr2	96620015	C	A		ANKRD36C"
"BL2AnsiLr1	chr2	202000948	A	AAGCCTCCTTTAGCTTGTGGCTAGGGACGCGATTTCT		CFLAR"
"BL2AnsiLr1	chr20	62324513	C	T		RTEL1"
"BL2AnsiLr1	chr21	11181168	G	A		N/A"
"BL2AnsiLr1	chr21	11097328	C	T		N/A"
"BL2AnsiLr1	chr21	15199501	T	G"
"BL2AnsiLr1	chr4	17913833	G	GTTTGTTTTGATA"
"BL2AnsiLr1	chr4	17913835	T	A"
"BL2AnsiLr1	chr4	89378410	G	A"
"BL2AnsiLr1	chr4	191030175	C	T		N/A"
"BL2AnsiLr1	chr5	34192245	C	T		C1QTNF3"
"BL2AnsiLr1	chr7	63210111	C	A		N/A"
"BL2AnsiLr1	chr7	99758444	C	T		GAL3ST4"
"BL2AnsiLr1	chr7	123256643	G	T		ASB15"
"BL2AnsiLr1	chr8	37968287	C	T		ASH2L"
"BL2AnsiLr1	chr8	110655337	T	C		SYBU"
"BL2AnsiLr1	chr9	69068051	G	A		FRG1HP"
"BL2AnsiLr1	chr9	92995102	C	T		N/A"
"BL2AnsiLr1	chr3	195513364	C	G	T	MUC4"
"BL2AnsiLr1	chr3	195511877	G	GGGTGGCGTGACCTGTGGATGCTGCGGAAGTGTCGGTGACAGGAAGAGA		MUC4"
"BL2AnsiLr1	chr1	142797043	C	T		n/a"
"BL2AnsiLr1	chrY	13470562	G	A		n/a"
"BL2AnsiLr1	chrY	59015764	G	C		N/A"
"BL2AnsiLr2	chr1	41311407	C	A		N/A"
"BL2AnsiLr2	chr1	177899038	C	T		SEC16B"
"BL2AnsiLr2	chr1	182026271	C	T		ZNF648"
"BL2AnsiLr2	chr10	81319483	A	AAGG		SFTPA2"
"BL2AnsiLr2	chr11	4976013	A	G		OR51A2"
"BL2AnsiLr2	chr12	49724913	C	T		TROAP"
"BL2AnsiLr2	chr12	72666499	A	AAGG		TRHDE-AS1"
"BL2AnsiLr2	chr13	24853009	T	TC		SPATA13"
"BL2AnsiLr2	chr13	24853011	T	TTCTTTCCTTCCTTCC		SPATA13"
"BL2AnsiLr2	chr13	25016762	G	A		PARP4"
"BL2AnsiLr2	chr13	98650024	G	T		IPO5"
"BL2AnsiLr2	chr14	74551652	C	T"
"BL2AnsiLr2	chr4	139235	A	T"
"BL2AnsiLr2	chr15	20867353	C	T		N/A"
"BL2AnsiLr2	chr15	23686010	T	TCTCCTCCTGCCCCCCCCTCTTCTC		GOLGA6L2"
"BL2AnsiLr2	chr16	202714	ACCAGGC	A"
"BL2AnsiLr2	chr16	67472376	GCACA	G		ATP6V0D1"
"BL2AnsiLr2	chr17	21201442	G	A		MAP2K3"
"BL2AnsiLr2	chr17	42398561	G	A		SLC25a39"
"BL2AnsiLr2	chr19	9018600	C	T		MUC16"
"BL2AnsiLr2	chr19	42595780	C	T		POU2F2"
"BL2AnsiLr2	chr19	48459322	T	A		N/A"
"BL2AnsiLr2	chr19	50938271	A	G		MYBPC2"
"BL2AnsiLr2	chr19	54483337	T	TGCGC		CACNG8"
"BL2AnsiLr2	chr1	143163816	G	A		NR_110761"
"BL2AnsiLr2	chr2	33783186	G	GGGA		RASGRP3"
"BL2AnsiLr2	chr2	96517518	A 	G		ANKRD36C"
"BL2AnsiLr2	chr2	97833361	A	C		ANKRD36C"
"BL2AnsiLr2	chr20	62659937	C	CTCCGGTAAGGGGGTGCCCT		PRPF6"
"BL2AnsiLr2	chr21	11149420	G	T		N/A"
"BL2AnsiLr2	chr21	11097328	C	T"
"BL2AnsiLr2	chr21	11080715 	C	T		BAGE5"
"BL2AnsiLr2	chr21	14433036	A	C		ANKRD30BP2"
"BL2AnsiLr2	chr21	14468831	C	T		N/A"
"BL2AnsiLr2	chr22	24836571	G	A		SPECC1L-ADORA2A"
"BL2AnsiLr2	chr4	70172528	C	A		N/A"
"BL2AnsiLr2	chr4	70172529	C	A		N/A"
"BL2AnsiLr2	chr1	142688899	C	T		N/A"
"BL2AnsiLr2	chr5	33576249	A	C		ADAMTS12"
"BL2AnsiLr2	chr5	112824048	T	C		MCC"
"BL2AnsiLr2	chr7	62574805	CGCGGCGGCG	C		N/A"
"BL2AnsiLr2	chr7	150384350	C	CTTTGTTTGTTTG		GIMAP2"
"BL2AnsiLr2	chr8	12409115	A	G		NR_040092"
"BL2AnsiLr2	chr9	66664948	G	T		N/A"
"BL2AnsiLr2	chr9	45356393	C	T		N/A"
"BL2AnsiLr2	chr9	44542526	G	T		N/A"
"BL2AnsiLr2	chr9	95094559	C	T		CENPP"
"BL2AnsiLr2	chr9	101822422	G	A		COL15A1"
"BL2AnsiLr2	chr9	140003137	G	A		MAN1B1"
"BL2AnsiLr2	chrY	59017181	T	A		N/A"
"BL2ApsiLr1	chr1	3427514	GC	G		MEGF6"
"BL2ApsiLr1	chr1	13648116	A	G		PRAMEF1B"
"BL2ApsiLr1	chr1	152749008	C	CTGGGGGCTGCTG		LCE1F"
"BL2ApsiLr1	chr10	79793605	C	T		RPS24"
"BL2ApsiLr1	chr11	7689740	G	T		CYB5R2"
"BL2ApsiLr1	chr12	51740387	ACTGG	A		CELA1"
"BL2ApsiLr1	chr14	20098036	T	C"
"BL2ApsiLr1	chr14	72932330	GTGGATGGA	G		RGS6"
"BL2ApsiLr1	chr14	97409750	C	T"
"BL2ApsiLr1	chr15	62548603	C	T"
"BL2ApsiLr1	chr16	68962	C	T		RHDBF1"
"BL2ApsiLr1	chr16	28222624	G	A		XPO6"
"BL2ApsiLr1	chr16	46428425	C	T"
"BL2ApsiLr1	chr17	30462618	G	A"
"BL2ApsiLr1	chr17	40270119	GGAGA	G		KAT2A"
"BL2ApsiLr1	chr19	7600788	C	T		PNPLA6"
"BL2ApsiLr1	chr19	11558340	AGAGGAG	A		PRKCSH"
"BL2ApsiLr1	chr19	40321537	T	C		DYRK1B"
"BL2ApsiLr1	chr19	47542216	G	A		NPAS1"
"BL2ApsiLr1	chr19	49812593	C	T		SLC6A16"
"BL2ApsiLr1	chr2	197735555	G	A		PGAP1"
"BL2ApsiLr1	chr20	22562674	T	TGG		FOXA2"
"BL2ApsiLr1	chr20	60909809	C	CAGGGCGAGGGCGAGGGCGAGGGCGAGGGCG		LAMA5"
"BL2ApsiLr1	chr21	10791730	CATTCCATTCA	C		N/A"
"BL2ApsiLr1	chr21	46057418	G	GCTGCTGTGCCCCGCC		TSPEAR"
"BL2ApsiLr1	chr5	848839	G	A		ZDHHC11"
"BL2ApsiLr1	chr5	148680756	C	T		AFAP1L1"
"BL2ApsiLr1	chr5	177099222	G	GGCGGAGGCGGGGGCGGCGGCA		LOC202181"
"BL2ApsiLr1	chr7	76656120	C	T		SPDYE11"
"BL2ApsiLr1	chr7	101987667	A (G)	G		SPDYE6"
"BL2ApsiLr1	chr8	145792778	C	T		ARHGAP39"
"BL2ApsiLr1	chr9	38414030	TCACA	T		IGFBPL1"
"BL2ApsiLr1	chrY	13470849	T	G		N/A"
"BL2ApsiLr2	chr1	17046595	T	A		ESPNP"
"BL2ApsiLr2	chr3	196625739	A	G		SENP5"
"BL2ApsiLr2	chr1	145209323	A	AGGCGGCGGCGGC		NBPF20"
"BL2ApsiLr2	chr1	158549523	G	T		OR10X1"
"BL2ApsiLr2	chr10	48174474	T	C		N/A"
"BL2ApsiLr2	chr10	48862261	G	A		FRMPD2B"
"BL2ApsiLr2	chr10	48948159	A	T		BMS1P5"
"BL2ApsiLr2	chr10	98901438	T	C		SLIT1"
"BL2ApsiLr2	chr10	124924605	C	T		BUB3"
"BL2ApsiLr2	chr11	62189930	G	C		SCGB1A1"
"BL2ApsiLr2	chr11	71238675	C	CCTGCTGCCAGTCCAGCTGCTGTAATCCCTG		KRTAP5-7"
"BL2ApsiLr2	chr11	94039848	T	A		IZUMO1R"
"BL2ApsiLr2	chr14	20147364	T	C		N/A"
"BL2ApsiLr2	chr14	22481528	G	A		N/A"
"BL2ApsiLr2	chr14	25076626	A	G		GZMH"
"BL2ApsiLr2	chr14	78030630	AAGGAGGAAGAGG	A		SPTLC2"
"BL2ApsiLr2	chr14	102964359	C	CGCCCAAGCTCCCAGCTCCATGTGT		TECPR2"
"BL2ApsiLr2	chr15	76030135	C	A		DNM1P35"
"BL2ApsiLr2	chr15	83103190	C	T		GOLGAA6L17P"
"BL2ApsiLr2	chr16	603066	A	C		CAPN15"
"BL2ApsiLr2	chr17	13400148	A	AGC		HS3ST3A1"
"BL2ApsiLr2	chr17	18315107	C	CCTCT		LINCO2076"
"BL2ApsiLr2	chr17	62270823	G	GCTTC		TEX2"
"BL2ApsiLr2	chr19	14507044	G	C		ADGRE5"
"BL2ApsiLr2	chr19	54172512	A	G		N/A"
"BL2ApsiLr2	chr1	143163614	T	A		NR_110761"
"BL2ApsiLr2	chr2	46707808	C	CAGAGGCAGCACGAGGTGGTGATGGAGCAGCTGCAGCGGG		TMEM247"
"BL2ApsiLr2	chr2	91780800	C	T		N/A"
"BL2ApsiLr2	chr2	96617236	C	T		ANKRD36C"
"BL2ApsiLr2	chr21	11182709	C	T		N/A"
"BL2ApsiLr2	chr22	18718084	A	T		N/A"
"BL2ApsiLr2	chr22	46733688	CAG	C		TRMU"
"BL2ApsiLr2	chr3	96386931	G	T		N/A"
"BL2ApsiLr2	chr3	132105677	GTGAA	G		N/A"
"BL2ApsiLr2	chr5	112824048	T	C		MCC"
"BL2ApsiLr2	chr5	148596841	G	A		ABLIM3"
"BL2ApsiLr2	chr5	171630204	CA	C		EFCAB9"
"BL2ApsiLr2	chr6	159655084	C	CGAG		FNDC1"
"BL2ApsiLr2	chr7	56444873	A	G		N/A"
"BL2ApsiLr2	chr9	90534156	T	TTCTTGGCTCCCAGCGTCA		SPATA31C1"
"BL2ApsiLr2	chr9	96433684	A	T		PHF2"
"BL2ApsiLr2	chr17	39394730	A	G		KRTAP9-9"
"BL2ApsiLr2	chrX	39932356	C	A		BCOR"
"BL2ApsiLr2	chrX	73802997	C	T		RLIM"
"BL2ApsiLr2	chrY	28586795	T	C		N/A"
"BL2ApsiLr2	chrY	28780709	A	C		N/A"
"PCL2ApsiLr1	chr1	8418552	G	A		RERE"
"PCL2ApsiLr1	chr1	16385270	T	C		FAM131C"
"PCL2ApsiLr1	chr1	16910363	G	T		NBPF1"
"PCL2ApsiLr1	chr1	16958033	G	A		N/A"
"PCL2ApsiLr1	chr1	20442553	C	T		PLA2G2D"
"PCL2ApsiLr1	chr1	67487401	G	C	CACACAGAC,G	SLC35D1"
"PCL2ApsiLr1	chr1	146450642	A	G		NBPF20"
"PCL2ApsiLr1	chr1	149648242	C	T		LINC00869"
"PCL2ApsiLr1	chr10	46174567	C	T		N/A"
"PCL2ApsiLr1	chr10	46174568	C	A		N/A"
"PCL2ApsiLr1	chr11	18743146	C	T		IGSF22"
"PCL2ApsiLr1	chr11	48453944	C	T		N/A"
"PCL2ApsiLr1	chr11	61906374	T	TCCCTGAAAACAAC		INCENP"
"PCL2ApsiLr1	chr12	8758083	T	TTATTGCGAAGATAACCAAAGTCCAGTGAAAAGGATGTAGCACTGTCACGCCTCTTCACTACGTAGCACA		AICDA"
"PCL2ApsiLr1	chr12	49554821	A	G		N/A"
"PCL2ApsiLr1	chr12	129298775	C	CCACCGTATGATGGACCTGACCGCTGTATGATGGACCTGAG		SLC15A4"
"PCL2ApsiLr1	chr13	25161610	T	A		TPTE2P6"
"PCL2ApsiLr1	chr13	42005423	G	A		N/A"
"PCL2ApsiLr1	chr14	22343130	A (G)	G (A)		N/A"
"PCL2ApsiLr1	chr14	23867149	C	CTTCTTCTTCTTCTTCTTCTTCTTCTTT		MYH6"
"PCL2ApsiLr1	chr14	55454155	C	CATATAT		WDHD1"
"PCL2ApsiLr1	chr15	23195009	A	G		WHAMMP3"
"PCL2ApsiLr1	chr15	23855849	C	T		N/A"
"PCL2ApsiLr1	chr15	25434285	C	A		SHHG14"
"PCL2ApsiLr1	chr16	727488	C	T		RHBDL1"
"PCL2ApsiLr1	chr16	88781125	T	TGCCAGGGGGCCTGCAGGAGGTGA"
"PCL2ApsiLr1	chr17	9479287	C	A		N/A"
"PCL2ApsiLr1	chr17	9479289	C	A		N/A"
"PCL2ApsiLr1	chr17	117957	G	A		MGC70870"
"PCL2ApsiLr1	chr17	114323	CAGGTAGT	C		N/A"
"PCL2ApsiLr1	chr17	38653	T	C		N/A"
"PCL2ApsiLr1	chr19	40376421	TG	T		FCGBP"
"PCL2ApsiLr1	chr19	44081497	GAA	G		PINLYP"
"PCL2ApsiLr1	chr2	112614513	G	GTT		ANAPC1"
"PCL2ApsiLr1	chr2	113484353	A	AGGCCCAGCG		NY5DC4"
"PCL2ApsiLr1	chr20	25754164	T	G		FAM182B"
"PCL2ApsiLr1	chr20	60889900	G	A		LAMA5"
"PCL2ApsiLr1	chr21	11178642	T	A		N/A"
"PCL2ApsiLr1	chr21	11178551	C	T		N/A"
"PCL2ApsiLr1	chr21	11049821	A	C		BAGE5"
"PCL2ApsiLr1	chr21	11047580	G	A		BAGE5"
"PCL2ApsiLr1	chr3	75718090	C	CCCGACA		N/A"
"PCL2ApsiLr1	chr4	77357263	G	A		SHROOM3"
"PCL2ApsiLr1	chr5	1593189	G	A		SDHAP3"
"PCL2ApsiLr1	chr6	27218909	C	T		PRSS16"
"PCL2ApsiLr1	chr7	76641263	A	G		DTX2P1-UPK3BP1-PMS2P11"
"PCL2ApsiLr1	chr7	100350424	T	C		ZAN"
"PCL2ApsiLr1	chr8	22886175	G	A		TNFRSF10B"
"PCL2ApsiLr1	chr9	68429210	AT	A		FRG1JP"
"PCL2ApsiLr1	chr9	136083195	T	TCCCCATCCCTAACCCTCAGCC		OBP2B"
"PCL2ApsiLr1	chr9	138413336	C	T		LCN1"
"PCL2ApsiLr1	chr9	139650167	G	A		LCN8"
"PCL2ApsiLr1	chr11	1093380	C	A		MUC2"
"PCL2ApsiLr1	chr6	30954378	G	A		MUC21"
"PCL2ApsiLr2	chr1	16957337	T	A		CROCCP2"
"PCL2ApsiLr2	chr1	22332332	T	C		CELA3A"
"PCL2ApsiLr2	chr1	22332333	G	A		CELA3A"
"PCL2ApsiLr2	chr1	114249469	C	G		PHTF1"
"PCL2ApsiLr2	chr1	146451907	G	A		NBPF20"
"PCL2ApsiLr2	chr10	29822167	C	T		SVIL"
"PCL2ApsiLr2	chr10	46999606	G	GCTCCCGCCT		GPRIN2"
"PCL2ApsiLr2	chr10	48174474	T Â©	C"
"PCL2ApsiLr2	chr10	48264272	C	T		ANXA8"
"PCL2ApsiLr2	chr10	51789519	G	A		FAM21EP"
"PCL2ApsiLr2	chr11	62762084	C	T		SLC22A8"
"PCL2ApsiLr2	chr11	116692154	T	G		APOA4"
"PCL2ApsiLr2	chr11	130275886	C	T		ADAMTS8"
"PCL2ApsiLr2	chr12	13153126	C	CGGCGACAGGGCGGCAG		HEBP1"
"PCL2ApsiLr2	chr12	40877540	G	A		MUC19"
"PCL2ApsiLr2	chr13	24471304	G	A		C1QTNF9B"
"PCL2ApsiLr2	chr14	74726515	G	GT		VSX2"
"PCL2ApsiLr2	chr15	23604398	T	C		GOLGA8S"
"PCL2ApsiLr2	chr15	50087833	C	CAGTTCCAGTCCT		N/A"
"PCL2ApsiLr2	chr17	3833685	C	T		ATP2A3"
"PCL2ApsiLr2	chr17	76456403	C	CGTGAATGTGTGTGCATGTGT		DNAH17"
"PCL2ApsiLr2	chr19	2339784	C	T		SPPL2B"
"PCL2ApsiLr2	chr1	17026551	C	G		ESPNP"
"PCL2ApsiLr2	chr2	178810990	C	T		PDE11A"
"PCL2ApsiLr2	chr2	233404334	C	CGGGTTGGCT		N/A"
"PCL2ApsiLr2	chr14	19488939	C	T		N/A"
"PCL2ApsiLr2	chr22	21065645	A	G		PI4KA"
"PCL2ApsiLr2	chr3	49200627	A	AAG		CCDC71"
"PCL2ApsiLr2	chr3	49723304	C	T		MST1"
"PCL2ApsiLr2	chr3	51422763	GGAT	G		MANF"
"PCL2ApsiLr2	chr3	150421527	C	T		ERICH6"
"PCL2ApsiLr2	chr3	195956726	AAGAG	A		SLC51A"
"PCL2ApsiLr2	chr3	197377346	G	A		N/A"
"PCL2ApsiLr2	chr4	4128483	A	G		N/A"
"PCL2ApsiLr2	chr4	49561511	C	A		N/A"
"PCL2ApsiLr2	chr4	75673485	G	A		BTC"
"PCL2ApsiLr2	chr4	140651584	TCTGCTG	T		MGST2"
"PCL2ApsiLr2	chr4	147561580	G	A		POU4F2"
"PCL2ApsiLr2	chr5	796064	T	C		ZDHHC11"
"PCL2ApsiLr2	chr5	796277	T	G		ZDHHC11"
"PCL2ApsiLr2	chr5	1574319	T	A		SDHAP3"
"PCL2ApsiLr2	chr5	34182642	G	A		C1QTNF3"
"PCL2ApsiLr2	chr5	178419396	A	AT		GRM6"
"PCL2ApsiLr2	chr6	129478739	G	A		LAMA2"
"PCL2ApsiLr2	chr6	143382254	CGTGT	C		AIG1"
"PCL2ApsiLr2	chr7	15725797	ATGGTGG	A		MEOX2"
"PCL2ApsiLr2	chr7	56893364	C	T		N/A"
"PCL2ApsiLr2	chr7	102296718	T	C		POLR2J2"
"PCL2ApsiLr2	chr7	107592859	C	A		LAMB1"
"PCL2ApsiLr2	chr7	116962933	T	C		WNT2"
"PCL2ApsiLr2	chr8	37555584	T	TCGCCCCTCGGCGGCTCCAGCTGCTCAACCTGCAGCGCGCCGA		ZNF703"
"PCL2ApsiLr2	chr8	42257423	A	AAAAAC		VDAC3"
"PCL2ApsiLr2	chr8	42257425	T	A		VDAC3"
"PCL2ApsiLr2	chr3	195511877	G	GGGTGGCGTGACCTGTGGATGCTGAGGAAGTGTGGGTGACAGGAAGAGA		MUC4"
"PCL2ApsiLr2	chrX	23697190	A	ATGTGTG		PRDX4"
